imagen;ruta;resolucion;tamano;tipo;ultimo_perfil;ultima_actualizacion;descripcion;tags
gato (1).png;fotos_etiquetadas;354384 bytes;511 x 500;.png;Gretoide;2023-06-10 14:57:00.394971;gatito lindo;peludito, perita blanca, michi
gato (2).png;fotos_etiquetadas;411062 bytes;541 x 500;.png;Gretoide;2023-06-13 23:22:45.807542;gatito bostezando;dientes,peludito,chikito
gato (3).png;fotos_etiquetadas;329799 bytes;501 x 460;.png;Agus;2023-06-09 11:00:22.478679;gatito blanco y negro;peludito, BIGOTES
deporte (3).png;fotos_etiquetadas;318865 bytes;500 x 501;.png;Agus;2023-06-01 11:00:52.387766;SURF;ola, MAR, deporte
paisaje (4).png;fotos_etiquetadas;462728 bytes;500 x 500;.png;Agus;2023-06-02 11:01:30.023632;Calzada de Los Gigantes;paisaje, verde, fresco
deporte (2).png;fotos_etiquetadas;167933 bytes;501 x 501;.png;Agus;2023-06-03 11:02:25.113476;bailarina;danza, deporte, atardecer
deporte (5).png;fotos_etiquetadas;270133 bytes;500 x 500;.png;Gretoide;2023-06-13 23:21:28.293852;bailarina;danza, deporte, tutu, vestido
deporte (1).png;fotos_etiquetadas;443012 bytes;501 x 501;.png;Emma;2023-06-05 11:03:49.756485;basquet;deporte, mar, jugadores
paisaje (2).png;fotos_etiquetadas;439111 bytes;500 x 500;.png;Emma;2023-06-06 11:04:16.520968;Barrancos;mar, barranco, sol, verde
gato (5).png;fotos_etiquetadas;505792 bytes;522 x 500;.png;Adri;2023-06-25 11:05:02.634884;gatito durmiendo;peludito, blanco y negro, verde, duerme
paisaje (3).png;fotos_etiquetadas;422282 bytes;500 x 500;.png;Adri;2023-06-15 11:06:30.987868;llanura;verde, campo, paisaje
paisaje (5).png;fotos_etiquetadas;349864 bytes;500 x 500;.png;Emma;2023-06-17 11:09:52.148345;paisaje;paisaje, verde, arcoiris
paisaje (1).png;fotos_etiquetadas;447919 bytes;500 x 500;.png;Emma;2023-06-18 11:28:14.647203;castillo;mar, verde, castillo
gato (4).png;fotos_etiquetadas;463918 bytes;479 x 500;.png;Gretoide;2023-06-13 23:22:00.335576;michi;michi
deporte (4).png;fotos_etiquetadas;168544 bytes;500 x 500;.png;Gretoide;2023-07-19 13:39:16.605146;Paracaidas;Cielo, Rojo
